ticket_id,tienda_id,fecha_venta,monto
T-001,S-01,2026-10-07,10.50
T-002,S-01,2026-10-07,25.00
T-003,S-01,2026-10-07,8.90
T-004,S-01,2026-10-07,42.30
T-005,S-01,2026-10-07,15.75
T-006,S-02,2026-10-07,14.75
T-007,S-02,2026-10-07,33.20
T-008,S-02,2026-10-07,6.40
T-009,S-02,2026-10-07,19.99
T-010,S-03,2026-10-07,55.00
T-011,S-03,2026-10-07,12.10
T-012,S-03,2026-10-07,27.45
T-013,S-03,2026-10-07,9.80
T-014,S-04,2026-10-07,18.60
T-015,S-04,2026-10-07,41.25
T-016,S-04,2026-10-07,7.15
T-017,S-05,2026-10-07,22.00
T-018,S-05,2026-10-07,36.90
T-019,S-05,2026-10-07,11.35
T-020,S-05,2026-10-07,48.70
T-021,S-06,2026-10-07,11.35
T-022,S-06,2026-10-07,48.70
